892	田中ロミオ(山田一)	2157
1338	丸戸史明	2134
5741	かわしまりの	2095
5809	青山ゆかり	1795
938	麻枝准	1742
2599	るーすぼーい	1725
5380	北都南	1597
5903	風音	1580
5784	一色ヒカル	1511
15313	桐谷華	1421
466	奈須きのこ	1398
5740	佐本二厘	1296
6007	夏野こおり	1287
5855	遠野そよぎ	1218
5780	みる	1205
1250	べっかんこう	1205
5738	安玖深音	1180
5742	まきいづみ	1178
6271	五行なずな	1173
2294	I've	1171
5810	海原エレナ	1139
2698	有葉	1097
452	虚淵玄	1077
318	王雀孫	1051
493	ねこにゃん	1030
1887	タカヒロ	1014
5968	青葉りんご	985
3360	榊原ゆい(雛野まよ、Hinano、まりあ)	982
2067	健速	958
188	企画屋	887
708	SCA-自(すかぢ)	886
621	樋上いたる	879
5464	トモセシュンサク	878
5973	民安ともえ(たみやすともえ)	861
467	武内崇	853
5789	金田まひる	831
5790	木村あやか	825
6275	小倉結衣	824
14848	遥そら	820
2203	瀬戸口廉也(唐辺葉介)	806
5960	桜川未央	804
9205	有栖川みや美	781
1700	こぶいち	777
5739	成瀬未亜(平山紗弥、笠原晴香、加賀美琴音、井上ねねこ、日比谷小桃、佐倉千枝理、酉井凛々子、松永亜夜)	766
5819	Rita(理多)	761
2085	むりりん	735
15203	秋野花	731
12499	KOTOKO	711
13091	杏子御津	697
948	甘露樹	680
314	西又葵	676
4521	片霧烈火	672
963	織音(ORION)	665
16417	小鳥居夕花	660
5950	御苑生メイ	653
14075	澤田なつ	651
4012	和泉つばす	650
24	くすくす	649
7704	森谷実園	637
4	中央東口	633
5823	井村屋ほのか	627
13	七尾奈留(九尾、奈留)	626
15476	北見六花	617
6118	松田理沙	613
12475	あじ秋刀魚	609
648	鈴平ひろ(一条ジョニー)	608
154	片岡とも(ぽこつ☆とも、へぽこ☆とも)	596
15302	くすはらゆい(楠原ゆい)	590
10313	雪都さお梨	590
4860	衣笠彰梧	588
5832	芹園みや	577
5794	籐野らん	564
947	みつみ美里	562
343	おぅんごぅる(おるごぅる)	556
5812	三咲里奈	552
248	藤原々々	548
5808	九条信乃	545
4503	橋本みゆき	538
939	折戸伸治(がんま)	530
5521	こもわた遙華	527
3290	霜月はるか	519
22526	沢澤砂羽	510
767	八宝備仁	506
956	おにぎりくん(ONIX)	502
1140	choco chip	501
290	フミオ	501
5782	草柳順子	499
313	萌木原ふみたけ	497
6106	涼森ちさと	496
13828	藤咲ウサ	491
5964	桃井いちご	489
5781	大波こなみ	485
2218	司田カズヒロ	484
169	スギナミキ(杉菜水姫)	479
5242	新島夕	477
1039	M&M	473
1288	Na-Ga	471
5969	藤森ゆき奈	471
6071	楠鈴音	467
4114	ほんたにかなえ(森部)	464
14378	卯衣	457
2489	木緒なち(グッチー)	455
6022	金松由花	451
967	TADA	447
12492	Duca	447
5038	下倉バイオ	440
9186	氷河流	440
1345	いとうのいぢ(伊東雑音、いとーのいぢ)	439
2092	正田崇	436
102	タシロハヤト(鬼畜人タムー)	435
519	☆画野朗	432
12879	茶太	432
6003	ヒマリ(陽茉莉)	426
3974	fripSide	425
1439	大槍葦人(NOCCHI)	422
13893	真中海	421
1118	朱門優	412
1560	藤崎竜太	412
403	丸谷秀人(まるちゃん)	410
2808	水月陵(KIYO)	406
5926	鮎川ひなた	404
1248	笛(ツヅクク、ポッコポコピ)	404
707	基4%	403
2576	竜騎士07	402
2352	東出祐一郎	401
4882	Gユウスケ	398
25	菊池政治	388
2307	Elements Garden	386
325	星空めてお	383
6076	大花どん	383
2539	樋口秀樹	382
1251	榊原拓	377
401	かんなぎれい	376
2657	涼香	376
1458	NYAON	374
6119	星咲イリア	371
1614	和泉万夜	370
1036	J・さいろー	369
957	Shade	367
6695	さくらはづき	365
167	御影	364
1564	唯々月たすく	361
2044	松竜	359
798	こ～ちゃ	356
5919	河合春華	356
2551	MANYO(Little Wing、六浦館)	353
2198	涼元悠一	352
5793	松永雪希	350
1759	さえき北都	348
138	菅野ひろゆき(菅野洋之、妃路雪≠卿、剣乃ゆきひろ)	345
19	カワギシケイタロウ(wagi)	345
5805	鈴田美夜子	343
1409	卑影ムラサキ	342
9299	克	338
3547	奈良原一鉄	337
595	なかむらたけし(NAK村、中村毅)	336
5936	鷹月さくら	333
5813	茶谷やすら	332
1489	白猫参謀(最神扇道)	332
17330	歩サラ	331
1249	早狩武志(栗原繁)	327
17952	花澤さくら	323
18316	あかしゆき(赤司弓妃、サトウユキ)	321
937	久弥直樹	317
12881	狗神煌(いぬがみきら)	316
16555	萌花ちょこ	316
4209	梱枝りこ	313
13831	奏雨	313
5282	桐月	312
1947	しんたろー	311
1948	ちこたむ	308
76	瀬之本久史	306
10361	ほうでん亭らっぱ	305
5983	如月葵	305
22	カワタヒサシ(河田優、河田正人、ら～・YOU)	304
1230	渡辺明夫(ぽよよんろっく、桜桃ひな)	303
2381	吉宗鋼紀(まふまふ仔犬ちゃん)	303
15371	さかき傘	302
26	野々原幹(ぢょんたいらん)	301
962	MIN-NARAKEN	300
6686	神代岬	300
1901	すめらぎ琥珀	298
13987	Ceui	297
13862	紺野アスタ	295
2273	鏡遊	293
13556	手塚りょうこ	293
5769	御敷仁	292
14943	橘まお	291
2981	eufonius	290
155	CARNELIAN	290
2109	なかひろ	285
104	反重力生命マー(松永北斗)	282
2564	電気式華憐音楽集団	281
1018	仁村有志(PRIMIL)	280
18242	上原あおい	279
14545	鈴谷まや	279
1067	トノイケダイスケ	278
2012	保住圭	278
1820	桜井光	274
5980	春日アン(春乃うらら)	274
12669	いとうかなこ	273
14427	かずきふみ	273
5792	佐々留美子	273
4101	日野亘	273
6079	柚木かなめ	272
12500	Lia	272
1462	のり太	271
5783	西田こむぎ	271
1106	橋本タカシ	270
991	菅宗光(む～む～)	269
1790	NiΘ(仁NiΘ)	269
942	戸越まごめ	267
13793	波奈束風景	262
2306	milktub(bamboo)	262
15263	佐藤しずく	260
4490	栗林みな実(Minami)	259
1677	オダワラハコネ(小田原箱根)	258
5811	手塚まき	256
983	魁(雲龍寺魁)	254
3624	カントク	253
16276	桃山いおん	253
16725	三代眞子	253
2573	ZIZZ	252
256	Tony	252
1962	川原誠	250
15017	佐咲紗花	249
7551	田村ゆかり	249
6012	榎津まお	249
5798	倉田まりや	245
12413	美郷あき	245
41	ミヤスリサ(宮栖里紗)	245
6102	紫華すみれ	244
3262	林直孝	242
5824	風華	240
12115	なまにくATK	240
12877	深崎暮人	240
5768	緑川光	239
7005	杉崎和哉	239
2124	市川小紗(本杉知絵)	239
2176	植田リョウ(植田亮)	239
279	上田メタヲ	238
14439	とらのすけ	238
959	むつみまさと	237
12716	神月社	237
5075	はましま薫夫(浜島重雄、三兵志麻)	236
944	高橋龍也	235
1791	鋼屋ジン	235
2813	槻潮鋼(打越鋼太郎)	233
5125	籠目	232
101	バカ王子ペルシャ(杉原鎧)	232
9890	姫川あいり	230
709	INO(いの、猪野誠、猪野誠一)	229
1181	嵩夜あや	228
166	呉(呉一郎)	227
5943	神村ひな(MIKAKO)	226
3101	渡辺僚一(渡辺ファッキン僚一)	226
4690	こもりけい	225
2886	志倉千代丸	225
12575	AiRI(UR@N)	223
5360	土天冥海	223
10	佐野俊英(さのとしひで、さぬ)	223
5850	ひなき藍	222
1974	みやま零(まやせろみ)	222
5381	遠山枝里子	221
1654	みけおう	221
1104	TOMA	220
6024	東かりん	220
12883	karory	220
14495	はな	219
9612	花澤香菜	218
4214	都乃河勇人	218
6871	恋泉天音	217
2558	Angel Note	217
13205	上田朱音	216
3830	森崎亮人	216
2545	ave;new	215
1634	たにはらなつき	215
6862	一条和矢	214
1965	内田ヒロユキ	214
13871	るちえ	213
1886	ぺこ(かにビーム)	213
5804	野神奈々(野上奈々)	213
958	六花梨花(とり)	211
14673	松本文紀(szak、metrowing)	210
16853	白月かなめ	210
2158	あかざ(ユズミツ)	209
8966	先割れスプーン	209
317	あごバリア	208
26545	夏和小	207
1976	てんまそ	206
1966	安西秀明	206
7510	比留間京之介	205
593	ヤマグチノボル	205
12528	ごぉ	204
315	こつえー(駒都えーじ)	204
473	元長柾木(椎名ヘカトンケイル)	204
2439	津路参汰	202
13827	佐倉もも花	202
190	竹井10日	200
2479	硯	200
346	秋乃武彦(あきの武彦)	200
6138	桃井穂美	199
377	鳩月つみき	199
4525	佐藤ひろ美(佐藤裕美)	198
3996	安瀬聖(ANZE HIJIRI、ANZIE)	197
2675	ぺろ(Pero、本田たまのすけ)	197
2602	天門	197
3141	アッチョリケ	196
6041	未来羽	195
7433	珈琲貴族	194
2415	憂姫はぐれ	193
14790	森保しほ	193
5922	紫苑みやび	192
3276	姫ノ木あく	191
513	聖少女	190
2299	海富一	188
5799	本山美奈	188
2302	しろ	186
8728	NANA	184
1737	月杜尋	184
11380	漆原雪人(霧島行人)	183
15012	結衣菜	183
4153	七烏未奏(七烏海奏)	182
10594	今井麻美	181
13097	真宮ゆず	181
9589	宮沢ゆあな	179
6034	青井美海	179
11202	さとう雅義	178
14533	nao	178
398	Bou	178
367	佐々木珠流	177
13557	水鏡まみず	177
12467	水霧けいと(水桐けいと)	176
15295	白雪碧	174
591	桑島由一(E TICKET PRODUCTION)	174
5403	衆堂ジョオ	174
15222	雪見そら	173
11317	WHITE-LIPS	173
12566	せせなやう	173
2727	やすゆき	170
14475	東ノ助(ヒガシの助)	170
300	都築真紀	169
1431	たけやまさみ	168
590	片倉真二	168
14262	雪村とあ	167
5081	葉山こよーて	167
4059	武藤此史	165
9923	古河徹人	165
6117	新堂真弓	164
282	大崎シンヤ	163
1427	ここのか	163
3832	ActivePlanets	163
1064	黒田晶見(ちょも山)	163
12359	真理絵(marie)	162
4885	彩音	162
1019	宮蔵(みやぞう)	161
15088	ななかまい	161
1689	あおじる	160
5818	七ヶ瀬輪(深井晴花)	159
2111	大石竜子	159
12198	ひむろゆり(氷室百合)	158
5952	桜坂かい	158
3723	嘉臥深(カガミ)	158
468	風見春樹	157
2276	あんころもち	156
12655	上原れな	156
7617	ルネッサンス山田	156
15310	橘桜	156
14336	春夏冬ゆう	155
1587	松下まかこ	155
13082	鶴屋春人	154
12876	こやまひろかず	154
1734	しげた	152
13125	川田まみ	152
15195	今谷皆美(桃也みなみ)	152
6760	空乃太陽(空野太陽)	151
3933	天宮りつ(天宮リツ)	151
8666	みこしまつり	151
936	蛭田昌人	151
87	ジェントル佐々木	150
6031	羽高なる	150
15835	きみしま青	150
15741	青空ラムネ	150
6315	七原ことみ	150
2959	Blueberry&Yogurt(ヨーグルト)	149
5918	山田ゆな	149
6063	青川ナガレ	149
976	門井亜矢	148
502	さっぽろももこ(RIKA)	148
5923	涼宮琉那	148
1780	椎咲雛樹	148
2217	さそりがため	148
2155	籐太	148
328	北側寒囲	147
3395	天都	147
1070	与猶啓至(ヨナオケイシ)	147
2020	雨衣ユイ(Yuyi)	147
3483	中澤工	146
5897	上原ともみ	145
26962	猫村ゆき	145
1369	葵渚	145
19698	月野きいろ	144
1414	空中幼彩	144
9166	間寺司	143
16714	羽鳥いち	143
15488	ピロ水	143
4013	サイトウケンジ	142
2814	なつめえり	142
14482	涼屋スイ	142
5842	すずきけいこ	141
4038	倉嶋丈康(まっぴーらっく.)	141
15748	梅鳥うりり(福永ユミ)	141
2274	北川晴	140
168	山本和枝(やまもと☆かずえ)	140
5999	中家志穂	140
6702	美月(声優)	139
9151	杏花	139
6296	乃嶋架菜	139
9105	小池竹蔵	138
368	J-MENT	138
25911	花園めい	138
14059	早瀬ゆう	138
2563	Barbarian On The Groove	138
2458	ぎん太	137
14893	あめとゆき	137
7535	宮野真守	137
6195	渋谷ひめ	137
3024	松本慎一郎(M.U.T.S.MusicStudio、マッツミュージックスタジオ)	137
1363	日陰影次	136
7650	喜多村英梨	136
7998	若本規夫	135
5993	香澄りょう	135
20968	範乃秋晴	135
9295	十文字隼人	135
6050	このかなみ	135
156	金目鯛ぴんく	134
742	泉まひる	134
15224	岡村美佳沙	134
1179	庄名泉石	134
13707	ヨダ	134
16416	山羽みんと	134
2194	飯田和彦	133
5921	篠崎双葉	133
13763	ももぞの薫	133
2413	瀬尾順	132
4276	Faylan(飛蘭、MASAMI)	132
2277	司ゆうき	132
676	荒川工(ほうすい)	131
128	まさはる	131
2151	七央結日(安堂こたつ)	131
2405	Manack(三輪学)	131
650	横田守	131
943	水無月徹	130
14116	羽鳥空	130
4838	緒方恵美	130
7549	中原麻衣	129
5854	立花あや	129
6692	月城真菜	128
12344	唯香	127
955	ふみゃ	127
2228	らっこ	127
8863	蒔田真記	126
15223	羽仁麗	126
6604	白波遥	126
13115	ろど	125
622	鏡裕之(和泉時彦)	124
3032	阿保剛	123
6762	ヘルシー太郎	123
5749	斎藤千和	122
14844	百瀬ぽこ	122
6288	野月まひる	122
5991	白井綾乃	122
6027	榊木春乃	121
16759	ルクル	121
31857	飴川紫乃	121
10549	このは(声優)	121
2358	浅生詠	120
15003	はと(十鳩)	120
2497	希(シナリオライター)	118
7622	子太明	118
5787	日向裕羅	118
1698	2C=がろあ～(2C-GALORE)	117
12495	monet	117
5962	なかせひな(中瀬ひな、村上仁美)	117
5889	藤原理加	117
6028	吉川華生	117
6323	雛見風香	116
8763	アマクラ	116
1588	GT	116
14483	藤神司朗(佐山森)	115
14462	石川ゆうすけ	115
5052	タコ焼き	115
20781	八尋まみ	115
1362	片桐雛太	114
5002	浅海朝美(浅美朝海)	114
7521	浅川悠	113
769	たかみち	112
5830	鳥居花音	112
2308	細井聡司	111
4502	yozuca*	111
2066	しゃあ	111
6067	須本綾奈	111
13001	沢村かすみ	111
5785	カンザキカナリ(三日月一花)	110
5833	神月あおい	110
1761	やくり	110
5959	あさり☆	109
14014	柚原みう	109
5997	杉原茉莉	109
15415	篠宮聖美	108
770	鷹取兵馬(との)	108
727	深沢豊	107
334	兼清みわ	107
5840	田中美智(多田美智)	107
17347	さより(Amanita)	107
2691	箒星	106
3252	tiko-μ	106
12829	西沢はぐみ	106
165	いくたたかのん(生田鷹呑)	106
2482	月音	106
12565	小桜りょう	105
6051	飯田空	105
5463	鈴鹿美弥	105
5920	石川乃奈	104
2102	鳥取砂丘	104
1433	池上茜	104
1548	井上啓二	104
17475	咲野かなで	104
12573	佐倉紗織	104
964	Karen	103
14523	篠原ゆみ	103
13452	花南	103
4530	影山ヒロノブ	103
12444	Curayasu(Cura、くら)	103
7498	田中涼子	103
3064	樫田レオ	102
14040	huke	102
103	マロ☆ガッツ(渋谷藍)	102
13231	広瀬まどか	102
16286	ほうでん亭センマイ	102
2411	内藤騎之介	101
13268	porori(ぽろり、幌井学司)	100
6086	西野みく	100
1627	丘野塔也	100
13108	Mar.na(真里歌)	100
9184	富士爆発	100
13451	澄白キヨカ	99
472	みさくらなんこつ	99
335	望月望	99
110	ゆうろ	99
5082	ぬい	99
2457	Mitha	99
13861	2-G	98
10182	原田ひとみ	98
5313	AKIRA	98
13015	鳩万軍曹	98
5788	観村咲子	98
1687	おーじ	98
5930	木葉楓	97
5977	ダイナマイト☆亜美	97
8275	関智一	97
408	秋津環	96
5831	新城麻奈	96
2566	Funczion SOUNDS	96
3422	クロサキ	96
12994	春城学幸	96
5286	鷹石しのぶ(鷹石忍)	96
6698	春河あかり	96
1899	市川珠輝(市川環)	96
14477	大石恵三	96
8230	山口勝平	95
14440	ちまろ	95
5791	岩田由貴	95
6006	水純なな歩(中家菜穂)	95
2298	桃井はるこ(UNDER17)	94
20581	南浜よりこ	94
9281	鳴海ゆう	93
14303	谷崎央佳	93
7663	生天目仁美	93
13855	榛名れん	93
6242	柚木サチ	93
5898	高槻つばさ	93
5489	笹井さじ	93
57	有末つかさ	93
2971	下川直哉	93
949	三宅章介	93
2592	芳賀敬太(KATE)	92
5851	きのみ聖	91
14521	ゆき恵	91
17399	水崎来夢	91
1252	中村哲也	91
348	枕流	90
697	きみづか葵	90
1255	かんたか	90
254	村上水軍	90
2418	長谷川藍	90
4994	YURIA(有里亜)	90
3300	岡崎律子	90
3329	伊藤ヒロ	90
5172	Peak A Soul+	90
20203	蒼依ハル(蒼衣ハル)	90
14125	Q-Gaku	90
1182	たまひよ	90
269	キリヤマ太一	90
13428	marui	90
7550	保志総一朗	89
1027	灰村キヨタカ(はいむらきよたか)	89
12449	いちごみるく	89
19766	冬茜トム	88
1816	氷雨こうじ	88
3766	あおなまさお(蒼魚真青、桜花すし)	88
10654	四季路	88
20183	綾音まこ	88
115	七瀬葵(ながせまゆ)	88
4212	藤倉絢一	88
660	草壁祭(草香祭)	88
8747	比留間狂ノ介	88
15315	早瀬ゃょぃ(早瀬弥生)	87
142	相川亜利砂(あいかわ亜利砂)	87
12946	鷹乃ゆき(たかのゆき)	87
871	魚	87
130	水島☆多也	87
15177	魚介(小野妹子)	87
3667	忍	87
6409	水橋かおり	86
14744	基井あゆむ	86
2848	藤宮アプリ(蒼樹うめ)	86
28	竹井正樹	85
13079	石橋朋子	85
6121	芝原のぞみ	85
6100	韮井叶	85
6055	まりなりな(大野まりな)	85
15309	海老原柚葉	85
880	浅葉ゆう	85
14076	二葉みんと	84
15335	香山いちご	84
6060	加乃みるく	84
12477	葵時緒	84
58	長岡建蔵(美駒)	84
16339	鈴木恵莉央	84
5985	奥川久美子	83
6110	咲ゆたか	83
9201	後藤麻衣	83
2668	NoBrand Sounds(雑音工房NOISE)	83
20349	春乃いろは	83
1463	ほしまる	83
14805	もとみやみつき	82
6128	榊るな	82
7499	能登麻美子	82
1570	foca(砂阿久雁)	82
15457	昏式龍也	82
13916	鈴音華月	82
12509	Kicco(kicco)	82
17132	柚子奈ひよ	82
12718	癸乙夜	81
13395	伊東ライフ	81
1738	悠樹真琴	81
2037	大三元	81
12616	riya	81
1918	織澤明史(織澤あきふみ)	81
10074	こうたろ	81
5825	天川みるく	80
322	吉野恵子	80
3093	insider	80
15634	十全	80
2843	ZUN	80
13188	水無月了	80
534	リバ原あき	79
5500	砥石大樹	79
14743	八島タカヒロ	79
1639	もみあげルパンR	79
17029	しらたま	79
3394	夕凪セシナ	79
6001	奥山歩	78
1669	おくとぱす	78
4215	城桐央	78
14288	黒谷忍	78
14261	御厨みくり	78
10126	春乃伊吹	78
1373	高嶋栄二	77
1457	あらきまき	77
16879	茉宮祈芹	77
5844	長崎みなみ	77
5890	奥田秋	77
2000	芦俊	77
12330	熊虎たつみ	77
2009	榊MAKI	77
5941	AYA(声優)	77
3481	西川真音	77
320	桜沢いづみ	76
5760	やなせなつみ(柳瀬なつみ、柳瀬洋美、水城ゆう)	76
3957	Antistar	76
5982	平野響子	76
6717	木島宇太	76
8705	水瀬沙季	76
2376	高瀬奈緒文	76
8878	おりょう	76
2035	木之本みけ	75
5924	岬友美	75
6089	和葉	75
14465	雅弥はるか	75
26389	水野七海	75
6979	友永朱音	75
5807	加賀ヒカル	75
26221	柳ひとみ	74
19735	Ayumi.(オリヒメヨゾラ、織姫よぞら、nerine)	74
8743	田宮トモエ	74
2969	石川真也	74
1913	かゆらゆか	74
8106	沢城みゆき	73
13020	憲yuki	73
21363	夢乃ゆき	73
6069	みすみ	73
2651	門倉敬介(味塩ロケッツ)	73
10360	居口伝衛門	73
9562	柵間拓哉	73
19785	鈴森	73
10356	仲達	73
205	亜方逸樹	72
1673	鳴海鈴音(なるみすずね)	72
9563	川中嶋悟	72
214	岩崎考司	72
13013	縦溝精史	72
14046	植原なぎさ	72
6054	彩世ゆう	72
13068	KIZAWA studio	72
326	睦月たたら	72
6048	かずなさやか(計名さや香)	71
979	りんしん	71
5019	綾瀬はづき	71
7436	Riryka(みるくくるみ)	71
1709	蔓木鋼音	71
8699	小林ゆう	71
1911	八重樫南(ちのちもち、赤松ヒロツ)	71
969	HIRO	71
1201	NATORI烏賊	71
19327	K子	71
2301	シナリオライターズ Q’tron	70
18141	米倉千尋	70
20869	鹿野まなか	70
1310	神無月ニトロ	70
5797	緒田マリ	69
3556	ピクセルビー(pixelbee)	69
56	綾風柳晶	69
9579	ほうでん亭ノドガシラ	69
19371	夏野イオ	69
5996	伊藤瞳子	69
9168	秋山樹	69
12801	ひなたもも	69
15478	shizuku	69
351	川合正起	69
7519	神奈延年(林延年)	69
5520	あおぎりぺんた	69
993	飛鳥ぴょん	69
5937	乃田あす実	68
6093	野々村紗夜	68
4471	rino(CooRie)	68
262	武田弘光	68
25811	桜乃ひよ	68
9218	藤乃理香(藤咲ちま)	68
578	うつろあくた(シュート彦)	68
6103	櫻井ありす(水邑琴音、綾瀬とまり)	68
1134	嘘屋 佐々木酒人	68
4758	ミズタマ	68
17342	大空樹	68
941	イシカワタカシ	68
12864	新海誠	68
7514	植田佳奈	67
390	八葉香南	67
13132	月子	67
15990	五十鈴みゆう	67
19784	悠木いつか	67
13117	カヒーナムジカ(カヒーナ)	67
884	浅賀葵	67
1688	冬雀(冬寂、北島夏)	67
15475	みことあけみ	67
6412	朝倉鈴音	67
5815	雅姫乃	67
10807	一河のあ	66
5303	dai(音楽アーティスト)	66
3033	カスカベアキラ	66
8720	野中藍	66
1811	桜ロマ子(桜島サロマ子)	66
9170	葉村夏緒	66
105	斎藤なつき	66
2216	連悠太	65
21010	中島大河	65
12668	小野正利	65
1797	LEGIOん	65
9861	中恵光城	65
15566	夜ノみつき(みつき)	65
7557	井上喜久子	65
13236	上和田美都	65
1729	まるいたけし	65
20718	木多野あり	65
6092	児玉さとみ	64
5998	逢川奈々	64
310	本田直樹	64
13000	上田はるこ	64
1115	光姫満太郎	64
21639	桐葉	64
16400	津田朱里	64
24922	館川まこ	64
15018	solfa	64
6540	川村みどり	64
8073	田口宏子	64
16242	吉祥寺ドロレス	63
3135	己即是空	63
14920	新田恵海	63
2243	おりみや舞	63
968	イマーム	63
27643	えびかれー伯爵(金閉開羅巧夢)	63
400	大野哲也	63
3864	風間ぼなんざ	63
9483	中本伸輔	63
25694	小波すず	63
4786	かづや	63
12998	みなせがわゆい	62
14806	佐々露香	62
7623	青島刃	62
620	椎原旬	62
2081	速水漣	62
1838	たかぴこ	62
6371	佐倉江美	62
8736	トム・クノレーズ	62
481	水無神知宏	61
1002	八雲剣豪	61
5761	後藤邑子	61
21695	風花ましろ	61
7635	伊藤静	61
7703	水沢光	61
1618	K.バッジョ	61
311	大槻涼樹	61
324	高尾登山	61
14799	沢代りず	61
14538	おんぼろ月	61
10054	堀畑靖	61
9871	堀川忍	61
15169	了藤誠仁	60
651	藤木隻(西連寺十郎、祝十郎)	60
2412	椋木尋	60
371	西崎秒弥	60
1045	仁之丞(渡真仁)	60
7619	巌蝉秋	60
60	堀部秀郎	60
10511	史方千尋(flypaper、永元千尋、上田庄吾)	60
14593	片倉ひな	60
4785	のぶしと	60
17353	夏峰いろは	60
2608	たくまる	59
284	安藤智也	59
369	雨音響(雨音颯)	59
619	はぎやまさかげ(月餅)	59
137	田島直(ヘルハウンド、NAO、亜蘭酢飯)	59
4493	みとせのりこ	59
14340	そらまめ。(和鳴るせ)	59
474	わざきた	59
6052	有賀桃	59
7516	川澄綾子	59
11723	米澤円	59
15340	早川ハルイ	59
5978	岩泉まい(樋口まゆら、樋口まゆ)	59
14858	優希芹果	59
18	奥間まさみ	59
1665	みづきことら(あかつきまお)	59
5901	浅野麻理亜	59
21240	野々山紅	59
13012	泉菊之介	59
3934	Famishin	58
6269	中野志乃	58
1556	南條しかし	58
14788	菜ノ花さくら	58
1798	剣技マナ	58
7603	広橋涼	58
2112	茗荷屋甚六(木村航)	58
13963	黒木まゆ	58
6425	赤白杏奈	58
6720	マルコ	58
23330	海原望(井上阿希)	57
16424	三十三七	57
11308	山下一真	57
11175	涼貴涼(笑兵衛)	56
12938	陸奥竜介	56
1920	藤宮博也(ささきむつみ)	56
20197	星空ユメ	56
7103	平井達矢	56
20645	紺野由梨	56
14552	やまかぜ嵐	56
399	メイザーズぬまきち	56
7665	釘宮理恵	56
2255	尾之上咲太	56
98	Moo℃団(なべち、てってち、ぎんぱち)	56
15604	藤田淳平	56
6171	安堂りゅう	56
21193	沢野ぽぷら	55
32544	倉骨治人(骨折王子)	55
1120	木場智士(きばすけ)	55
14213	〆鯖コハダ	55
2138	むにゅう(ひろふみ)	55
164	TAMAMI	55
5820	斉藤愛子	55
17199	真紀士	55
5053	日向恭介	55
10468	夢篠さなぎ	55
894	滝川悠(多岐川遊、ラブポケ)	55
13830	佐藤遼佳	55
7646	阪口大助	55
2428	深泥正	55
329	あきら	55
5948	水鏡	55
21825	黒咲そら	54
12623	秋月つかさ	54
13069	藤丸(F.blue)	54
2973	松岡純也	54
13559	高志麻矢	54
7601	置鮎龍太郎	54
1107	蓮見江蘭	54
8744	金子明美	54
14664	雪仁	53
900	そのだまさき	53
21703	西坂恭平	53
4805	宮坂みゆ	53
2970	中上和英	53
14502	坂上海	53
5956	秋城柚月	53
954	矢野口君	53
2183	YUKIRIN(ゆきりん、優希燐)	53
14120	野☆球	53
3490	木村ころや	53
7686	原田友貴	53
12200	英みらい(大山チロル)	53
1904	浮月たく	53
5245	BURTON	53
7957	笠原弘子	53
8132	宮崎羽衣	53
2272	KIMちー	53
25759	はちみつこ	52
17841	ヨイドレ・ドラゴン	52
13014	十利須我里	52
7660	名塚佳織	52
13820	伊東サラ	52
5916	赤沢かえで	52
5042	薬師るり	52
2384	ぶぶづけ	52
20530	白もち桜	52
1795	萩原音泉	52
19792	こたつみやこ	52
7	娘太丸	52
3258	ごとP	52
16176	梅咲チャーリー	52
15200	綾瀬あかり	52
3249	松尾ゆきひろ	52
2178	蜜桃まむ(みつまむ)	51
13369	大高あまね(椎那天、柊真冬、秋山はるる)	51
7599	桑島法子	51
7554	子安武人	51
2541	梅本竜(島田竜、エリック・プランクトン)	51
9070	保村真	51
366	人丸	51
17058	鈴藤ここあ	51
989	小池定路	51
17468	鈴湯	51
16113	浅野ゆず	51
21043	ななろば華	51
4068	雨野智晴	51
9507	小次狼	51
6326	守田羽糸	51
14094	久保田影虎	51
10314	藤邑鈴香(あまえび、ふじもん)	51
1483	丹下ゲンタ(氷雨げんた)	51
160	厘京太朗	51
13114	JAM Project	51
634	てぃんくる	51
12195	越雪光	51
12965	アンダルシア	50
14671	神坂公平	50
15341	羽鳥ぴよこ	50
13445	雛咲	50
19708	秋空もみぢ	50
5004	なるちょ(音楽)	50
7642	佐藤利奈	50
13958	薬師寺兼一	50
3212	衣笠道雄	50
1164	あらいぐま	50
1956	赤丸	50
16726	丸井ことの	50
9511	瑞沢渓(堀池円)	50
17390	三九呂	50
2351	A-10(不破大輔)	50
10271	遊女(YuNa)	50
2075	高苗京鈴	49
20854	蓬かすみ	49
1391	さめだ小判	49
7571	小西克幸	49
5467	立羽	49
2056	柊★たくみ	49
1990	秋史恭	48
1346	結城辰也	48
8125	皆口裕子	48
2724	若瀬諒	48
6190	綾川りの(江上リノ)	48
1728	永田和久	48
7732	松涛エルザ	48
5925	鳩野比奈	48
946	原田宇陀児	48
10919	嶋和成	48
2361	木谷椎(Xsara、CSY)	48
108	古我望	48
229	山田おろち(金月龍之介)	48
9859	SHIM(TGZ SOUNDs)	48
9584	祢乃照果	48
14839	KAKO♪(KAKO)	48
13033	井伊由田那	48
5859	refeia	48
3292	トメ太(小原トメ太)	47
17246	星野七海	47
12357	泉水いこ	47
30417	明羽杏子	47
2219	水間ホシひと	47
2661	折倉俊則	47
14279	赤木リオ	47
4198	TWOFIVE	47
14584	桜はんぺん	47
261	下原正	47
14693	桜庭丸男	47
5834	朝宮咲	47
1732	神奈月昇	47
22412	きのこのみ	47
5817	文月かな	47
966	ぷりん	47
1129	たけうちこうた	47
4154	i.o.sound	46
14592	yo-yu(よゆ)	46
5976	歌織	46
16414	あにぃ	46
7585	阿澄佳奈	46
5917	桜井美鈴	46
17090	本田珠里緒	46
6236	胸肩腎	46
9177	神谷奈央	46
2582	tororo(tororo団長、松村和俊)	46
2445	佐野晋一郎	46
13189	長月優	46
404	石埜三千穂	45
2410	玉沢円	45
13187	羽鳥風画	45
12964	はるか	45
16110	すいみゃ	45
7637	小次郎	45
14153	秋野すばる	45
12721	爪白ニワトリ	45
20646	瀬良みと	45
1952	はちまん(弓弦イズル)	45
3293	ぴめこ(さくら小春)	45
5900	MIENO	45
2478	文音(彩音)(シナリオライター)	45
232	かん奈(岩本幸子、如月かん奈)	45
6125	神崎ちひろ	45
338	田丸まこと	45
8542	吉野裕行	44
2128	闇野ケンジ	44
2459	草壁よしお	44
18491	るび様	44
12999	たなかりお	44
475	猫舌あち	44
5462	なちゅらるとん(るとんにき)	44
14487	櫻川めぐ(桜川めぐ)	44
14714	氷川めぐみ	44
4205	さだヲ(さだお)	44
7734	黒瀬鷹	44
13316	やなぎなぎ(nagi、supercell)	44
1815	もりたん	44
174	しぃけんしゃる(潤之介、ごとうじゅんじ)	44
8355	氷青(横手久美子)	44
2628	戌角柾	44
10106	牛久京也	44
1802	田口まこと	43
12896	Team-OZ	43
132	鳴瀬ひろふみ	43
15913	渡辺涼子	43
17258	水谷瑠奈(NanosizeMir)	43
6150	秋月まい	43
2578	猫野こめっと	43
20498	葵ゆり	43
1929	assault(あさのじ)	43
1977	座敷猫(飯崎島)	43
20512	黒須桐子	43
567	宮村優	43
18951	小春めう	43
5971	木梨樹里	43
2567	MintJam	43
3531	上原一之龍	43
5931	立花舞	43
15773	外屋舞美	43
12712	yuiko(ゆいこ)	43
23096	相模恋	43
16045	長頼	43
13089	伊野美由紀	43
9285	緋賀ゆかり	43
8101	清水愛	43
2245	黒石りんご	43
6872	どんまる	42
5801	ありす	42
5377	イシガキタカシ	42
6895	大友清里	42
17123	あなぽん	42
2484	春日森	42
14157	貴大(鶴崎貴大)	42
940	OdiakeS	42
33222	月白まひる	42
3387	水原優	42
243	黒木雅弘	42
15046	鈴木蘭	42
2042	しのづかあつと	42
471	天野佑一	42
13519	ゆいび	42
15424	花たん	42
8740	波動拳	42
1015	MA@YA(ま＠や)	42
20582	寺竹順	42
2890	西田一	42
2171	シャア専用◎	42
389	まめ	42
3929	樹原新	41
21161	八幡七味	41
9204	後藤沙緒里	41
13084	藤堂みさき	41
18013	縹けいか	41
19728	大和桜	41
3794	にの子	41
4216	川相湊	41
2362	たとむ	41
5482	よう太	41
4814	空下元	41
12726	1:02am	41
1743	神藤みけこ(みけこ)	41
7575	滝沢アツヤ	41
3634	竹田	41
5033	ティータ.J(椿T太)	41
2150	望月JET	41
5852	かがみありす	41
1238	吉田誠治(棚葉)	41
2993	アメディオ	41
9585	沢野みりか	41
13073	笹倉綾人	41
1640	神宮寺りお	41
5853	野中みゅう	41
1339	トシぞー	41
32545	神近ゆう	41
6035	貴坂理緒	40
2080	松江旺來	40
6091	黒崎猫	40
13755	塚本太鱚	40
6351	みなづき蓮	40
17237	浅葉リオ	40
7522	下屋則子	40
1405	長岡康史	40
7531	結下みちる(結本ミチル)	40
1912	秋蕎麦	40
12624	ポチくん	40
1257	セロリ	40
7582	小野大輔	40
18243	煎路	40
14467	瀬良木若菜	40
1703	小梅けいと(K.TEN)	40
12841	たつきち	40
8112	南條愛乃	40
6230	紬叶慧	40
2360	ひーで	40
4953	ゆずちち	40
7559	堀江由衣	39
12493	Marica	39
20821	まのめるか	39
5895	稲葉貴子	39
7676	櫻井浩美	39
14218	ぱん太	39
17969	倉澤もこ	39
247	武藤慶次(むとうけいじ)	39
2063	双龍	39
9596	志村由美	39
16746	うすめ四郎	39
1818	的良みらん	39
12653	ブッチャーU	39
5845	春野日和	39
16558	竹下智博	39
2363	Keikei	39
10139	西村悠一	39
16550	本庄マサト	39
18233	登代田瀬良	38
14753	イチリ	38
2222	石恵	38
17739	ダイスころがし	38
5846	夏野向日葵	38
602	滝美梨香	38
1413	川波無人	38
848	桂枝毛(桂憲一郎)	38
8737	春野風	38
69	長浜めぐみ(ささかまめぐみ)	38
15298	一ノ宮葵	38
9636	沖野靖広	38
9553	御成門左清	38
15182	四万十川清流	38
4413	RYO(音楽アーティスト)	38
15183	不死鳥	38
17437	井ノ上花	38
21848	yoppy	38
16907	ぎん太郎	38
307	由良	38
17949	高森奈津美	38
27600	雫将維	38
10489	先割れ丼	38
7709	浅野要二	38
3482	笹成稀多郎(伊藤河伯)	38
22905	みたかりん	38
16281	神谷たたみ	38
597	南風麗魔	37
15526	月島総記	37
9211	谷口ケイ	37
28548	そよかぜみらい	37
14196	皆本あいる	37
6061	天天	37
7640	たかはし智秋(高橋千晶)	37
11348	壬生中将	37
16948	種﨑敦美(種崎敦美)	37
5894	南綾香	37
1420	ちゃとら	37
9807	相庭剛志	37
206	茉森晶	37
3000	渡来亜人	37
217	皇裕介(皇祐介)	37
6764	皇帝	37
4836	なるみおかず	37
2309	ヤマ・びっこ(ヤマvびっこ)	37
3108	たぢまよしかづ	37
10005	雛祭桃子	36
15197	小夏スミレ	36
5431	只野あきら	36
2160	有子瑶一(伊藤有子)	36
17789	市川ひなこ	36
2559	畑亜貴	36
2896	水鼠	36
17860	Arte Refact	36
19328	ひさまくまこ	36
7719	本多啓吾	36
23801	永山ゆうのん	36
1532	東雲一彦	36
8749	柴田秀勝	36
4674	梅田伸明	36
299	かっちん	36
17480	八ッ橋きなこ	36
32361	小原好美	36
7517	諏訪部順一	36
2575	かざみみかぜ。	36
4052	おおくまけんいち(大熊謙一)	36
6115	萌木唯	36
9711	ケビン・スパイシー	36
27	神崎直哉(倉瀬あまね)	35
8211	都桜和	35
6794	知七	35
7733	事務台車	35
5423	うさみょ(宇佐見遥)	35
6169	島香麗子	35
1021	ちんじゃおろおす	35
10490	先割れチョップスティック	35
7528	中田譲治	35
9212	日椰たぬき	35
10611	土門熱	35
15210	Larval Stage Planning	35
9174	黒木大	35
15570	彩瀬ゆり(分倍河原シホ)	35
5747	ゆきのさつき(雪野五月・雪乃五月)	35
20798	クロノミツキ	35
30115	いつい	35
78	真木八尋	35
14999	有栖川千里	34
14686	芹沢せいら	34
12935	ななせめるち	34
1856	葉賀ユイ	34
1003	岩清水新一	34
13104	湖月紅れ葉	34
16880	深澤秀行	34
2823	ひなた睦月	34
2728	呉マサヒロ	34
5979	富樫ケイ	34
13130	天姫あめ	34
5183	千歳	34
1509	止田卓史	34
9255	祭大!(祭大!!)	34
1364	みそおでん	34
397	西E田	34
81	スカイハウス	34
107	相田裕	33
24319	kakao	33
8697	間島淳司	33
15510	高濱亮	33
20644	ひな葉月	33
15417	仙道ミツキ	33
1549	明音	33
1642	霊岳	33
628	菅沼恭司	33
2962	Ebi	33
23092	結城ほのか	33
1735	長野ヒロユキ	33
26050	緒乃ワサビ	33
13342	銀巽	33
15170	AIRI	33
14485	稲狩裕子	33
10980	猫魅愛	33
15345	遠藤正明	33
2731	稲垣みいこ	33
18068	まもも	33
15280	長原杏子	33
240	JUN	33
6688	水捲真魚	33
17122	日山紅莉栖	33
6570	高井戸雫	33
14179	丹下葉子	33
960	DragonAttack(雷丸)	33
16870	佐倉綾音	33
14278	画用紙	33
391	青山拓也	32
8742	織田優成	32
16305	うらび	32
12289	こんつ	32
899	山田光一郎	32
2173	紅葉蛍(紅葉-K)	32
1572	穂高望	32
16396	蕪木徹子	32
7611	水樹奈々	32
22530	堀江晶太(kemu)	32
2162	蓮海才太(蓮海もぐら、蓮海Cider、蓮海土竜)	32
16616	丸新	32
2845	HAIN(井川立、ともさかみえ、猫乃烏、八咫烏、クロウ、七咫乃烏)	32
13227	なたけ	32
17131	高崎まこ	32
1189	い～ぐる(igul)	32
965	YUKIMI	32
14317	海法紀光(夜刀史朗)	32
977	Rけん	32
1810	天野雨乃(あまのあめの)	32
14804	進行豹	32
1754	石井彰	32
18315	大島はるな(#エロティック大島)	32
5350	すまっしゅぱんだ	32
671	ココノツ	32
23059	サブロー	32
2397	水月悠	32
16092	朝香ナツ	31
5892	吉野なつき	31
13758	Iris motion graphics(tsukune.)	31
14622	MAMI(柳麻美)	31
31906	蒼乃むすび	31
13835	葵海人	31
17183	Syroh	31
18028	美々永跳	31
12502	彩菜	31
17889	美空なつひ	31
15966	茉田部里依紗	31
15901	藤崎紗矢香(藤崎さや香)	31
13088	桜ちとせ	31
1	水谷とおる(甲斐智久)	31
5485	里見しば	31
13896	宇佐美みもえ	31
26713	要しおり	31
26575	佐藤みかん	31
27126	でらうえあ	31
5899	Yuki-Lin	31
21826	明科まなさ	31
4899	砌煉炭	31
15572	篠宮沙弥	31
5847	片瀬唯	31
6078	戸沼ゆず	31
2968	YET11(吉沢務)	31
5115	ミヨルノユメギ(宙花こより)	31
2483	榊一郎	31
6126	奥田香織	31
14537	MARIO(原画家)	31
5106	さぶろ～	31
13745	ビッグバン平太	31
2700	U	31
494	Team N.G.X	31
6825	川上とも子	31
1294	さくやついたち(サクヤ、さくや朔日)	31
8956	柚木涼香	31
1930	AKINOKO.	31
6203	山本華	31
1375	東トナタ	31
8739	左高蹴	31
31933	こはる凪	31
7578	Prof.紫龍	31
13090	花坂紅葉	31
4360	磯江俊道	31
5658	瑠奈璃亜	31
3963	天草帳	30
16280	奈取うさ	30
7625	永倉仁八	30
2161	和馬村政(和馬村正)	30
179	葵羽鳥	30
888	瑞井鹿央	30
14472	姫原ゆう	30
15967	島原蘭	30
9578	真琴ひろ	30
3829	阿羅本景	30
22327	実羽ゆうき	30
728	宙形安久里(DR2、山形安久里)	30
25815	院出華真衣	30
1616	千籐まさと	30
4647	NUMBER201	30
6294	和泉真優	30
15311	藍きっか	30
6127	紅野ミア	30
3677	@ピース	30
4871	eco*(えこ)	30
16875	にろ	30
14199	プリンプリン	30
6101	遠井実瑠	30
6534	紘川琴音	30
4985	大川茂伸	30
16810	倉島丈	30
17797	酒井伸和	30
12569	中山マミ	30
5896	上田亜紀子	30
17803	端野愛華	30
28293	渚しろな	30
12144	くわだゆうき	30
13341	桜城ちか	30
5705	犬洞あん	30
24918	のりざね	30
15652	綾部結花	30
2211	二ノ膳(にのぜん)	30
6365	川梛珱	30
6685	天乃そら	30
1124	左	30
2336	琴羽之文(Wr.Kotoo)	30
1399	藤原将(藤原たすく)	30
21204	琉花あか	30
15358	武石あゆ実(歩河みぃな)	30
11925	夕凪咲巳	29
14918	三森すずこ	29
7698	安芸怜須ケン	29
7515	門脇舞以(門脇舞)	29
4913	柳沢まさひで	29
16683	やじまのぼる	29
1113	辰波要徳	29
18444	春野かがり	29
50	スミスミ	29
20849	阿久津亮	29
16282	西岡真希	29
985	緒方剛志(ぼうのうと)	29
1919	うろたん	29
1718	秋華	29
26051	霜降	29
7626	中澤歩(中澤アユム)	29
7572	谷山紀章	29
2054	神堂劾(九十九神一)	29
1651	雪兎(ゆきうさぎ)	29
3800	成瀬守	29
1839	巽ヒロヲ	29
7702	黒岩心々	29
12063	中島裕美子	29
2177	ユキヲ	29
631	大和環(宇奈月けやき、C2H60、木間田都摩耶)	29
5843	佐々木あかり	29
11716	小山力也	29
12447	宮坂結衣	29
12650	しほり(瀬名、She-holly)	29
25693	北大路ゆき	29
7511	琴音有波(紅月ことね)	29
234	平井次郎	29
11210	日向苺	29
13424	紅村かる	29
24896	八ッ橋しなもん	29
7555	折笠富美子	29
20173	藍沢夏癒	29
1555	きんりきまんとう	28
20500	カサンドラ	28
2427	火炎味噌	28
18014	靄太郎	28
14544	三菱アイ	28
189	岩舘こう	28
14549	藍川珪	28
20123	和遥キナ	28
1788	こうぐちもと(工口本、舞姫)	28
6270	春奈有美	28
17115	阿久世良	28
20423	咲智ゆん	28
17366	北川由貴	28
6088	早乙女綾	28
7520	田中敦子	28
4359	モモイヒトミ(MOMO、桃井ひとみ)	28
13709	Riv	28
3197	G kilo-byte	28
3501	置弓枷	28
17800	オギンバラ(オギン★バラ、オギン☆バラ)	28
2104	藤井一葉	28
16079	伊倉ナギサ	28
4918	羽純りお(あやせりお)	28
1565	フレーム	28
14481	Suara	28
6519	嬉野祥子	28
13962	冬宮メア	28
10573	誠樹ふぁん	28
20069	Meis Clauson	27
16496	星谷美友(μ)	27
4024	有限会社クワイア	27
3889	西ノ宮勇希	27
16279	野牛博	27
18374	北澤伸一郎	27
15775	anporin	27
12542	ラック眼力	27
308	千葉千夏	27
17343	ぴよ寺むちゃ	27
12859	RMG(Rainbow-Motion-Graphics)	27
17133	夏彦	27
2829	emily	27
14546	宮部るい	27
12666	SHIHO	27
15214	鳴坂ありす	27
15426	深山ユーキ	27
16479	Peg	27
2285	ZOL	27
62	KeG(KEG)	27
6314	羽沢月乃	27
24234	宇都宮つみれ	27
13232	蛇足せんたろう	27
20098	朝倉はやて	27
14292	那倉怜司	27
15215	井ノ原理子	27
32707	倉田ありあ	27
24284	阿部朔	27
17128	柳英一朗(柳英一郎)	27
718	佐野一馬	27
14273	山本彩乃	27
3844	ユージ・ナイトー(内藤侑史)	27
12717	URA	27
752	ことみようじ	27
15669	師走ほりお	27
25653	伊ヶ崎綾香	27
18207	桜ノ咲みえ(DJ C++、ASTLYRE)	27
6525	YU-KI	27
16635	佐和真中	27
15594	氷山あずき	27
4152	雪乃府宏明	26
17882	白矢たつき	26
3947	藤間仁	26
1394	土代昭治	26
13579	三郷綾夢	26
13956	朝倉奏美	26
12346	磁油2	26
12659	川村ゆみ	26
5110	プロパガンダ通・シン	26
21046	八日なのか	26
1235	ひらいでらく(かすか量)	26
5856	七星友里子	26
20850	美月琴音	26
16750	楠田兎	26
13245	春山琴巳	26
12660	奥井雅美	26
1730	JOY RIDE	26
6474	羽賀ゆい	26
1516	はやさかうたね	26
1736	亜麻矢幹(まろにぃ)	26
19107	戸世高梨衣奈	26
5786	三園あすか	26
974	吉澤友章	26
8855	浅野真澄	26
14489	ますおかゆうじ	26
27768	鈴木このみ	26
9260	真木将人	26
21199	丹羽ことり	26
14860	朝樹りさ	26
13027	牧野真穂	26
2143	庵乃音人	26
3541	高山箕犀	26
3	ドレン・チェリー(天宮ぽらん)	26
15701	石渡マコト(ポリゴン番町、polygon bangcho)	26
15467	美波りお	26
15264	白波凛瑚	26
16023	井内舞子(羽越実有)	26
14175	間々田つかさ(間々田司)	26
1694	結城みつる	25
7568	鳥海浩輔	25
5334	唐辛子ひでゆ	25
16411	山本美禰子	25
7574	大久保けんたろう	25
5746	こおろぎさとみ	25
8745	荒井悠美	25
8124	久川綾	25
9604	吉田真弓	25
2256	酒井童人(毒枝佳果)	25
8801	神田朱未	25
1484	鬼影姚二	25
961	む～みん	25
1935	sataりすく(sata)	25
5992	如月美琴	25
305	龍牙翔	25
7561	石田彰	25
17731	の歯	25
12540	ナカオボウシ	25
12968	RINA	25
872	ぽん酢(来栖達也)	25
16565	森山しじみ	25
2546	リバーサイド・ミュージック(feel、Cats)	25
16249	うん＝食太郎	25
191	大泉だいさく	25
3980	G・むにょ	25
6719	植木亨	25
20460	安田みずほ	25
7565	力丸乃りこ	25
1762	高杉九郎	25
5942	吉沢悠亜	25
13351	Swinging Popsicle	25
30471	荒井さん。	25
9210	杉田智和	25
8110	ミルノ純(miru)	25
30550	松下	25
12930	めいびぃ	25
7682	中里圭太	25
1412	宅本うと	25
15163	春山色葉	25
6896	吉田恭子	25
13070	Po*	24
6311	広末涼	24
19296	森谷こころ	24
5285	森林彬	24
3246	黒鷲	24
568	素浪人	24
18246	雪野玉	24
10978	須賀紀哉	24
7946	立花十四朗	24
21440	上坂すみれ	24
5814	羽桜涼子	24
13729	神代あみ	24
9142	椎名治美	24
75	真広雄海	24
17473	瑞乃明日香	24
2509	モーリー	24
17822	ちり	24
8213	山下航生	24
6339	沢井春香	24
14337	堅木功	24
1872	はね	24
17777	MtU	24
17259	多田葵	24
2103	じんべい	24
2470	ねみぎつかさ	24
15958	柳田淳一	24
1846	MOONZERO	24
8476	榎本温子	24
933	ZATOU(さとう)	24
6761	万栗太郎	24
7613	城崎彦太	24
17796	りいちゅ	24
4705	護国卿	24
15023	山野詠子(山野)	24
1460	神無月ねむ	24
13406	中乃空	24
12593	MELL	24
14815	ぱん	24
9164	ひと美	24
15724	丸山剛(ゾイド丸山)	24
13749	魔梵	24
13540	藤原組長(藤原行弘、つるぎゆきの)	24
2055	南向春風	24
15622	飯野汐里	24
6070	町田あみ	24
8713	大原さやか	24
21216	和央きりか	24
15289	佐藤心(影山ろここ)	24
7722	大塚明夫	24
18101	門葡蘭子	24
14184	いすずあすか	24
16294	日向奈尾(ひなたなお)	24
6132	萌原ぷりん	24
9552	紫花薫	24
6077	鈴美巴	24
20608	新山ゆうき	24
17454	美咲桃子	24
10671	紀之	24
22394	ベコ太郎	24
5280	さとーさとる	24
5938	松下雅	23
17328	高橋がならない	23
5466	bbsacon	23
1701	蓮(Louis_IGs、Louis&Visee)	23
683	高橋直樹(NTak_indies、NTak_hobby)	23
32546	浮丸つぼね(kyokutyo)	23
19135	夢野ぼたん	23
1693	小林且典	23
2957	MOSAIC.WAV	23
4767	志方あきこ	23
15782	宮坂なこ	23
1424	ひろもりさかな(弘森魚)	23
7689	一条光	23
8704	馬並硬太	23
20697	Prico(PRIKO)	23
6415	春瀬みき	23
935	伽遠蒔絵	23
9597	てらそままさき(寺杣昌紀)	23
7620	勝どき一分	23
2450	ちょちょポリス(チョチョポリス、ちょちょ、田阪新之助)	23
15321	篁葉月	23
12882	深森(水沢深森)	23
15286	はやかわ凛太	23
7621	龍田虎次	23
1293	やまとなをゆき	23
23226	花寺香蓮	23
29530	田中あいみ	23
2550	Blasterhead	23
28486	紫咲ほたる	23
13063	里宮アリサ	23
7658	ゆかな(野上ゆかな、yukana)	23
4984	かみやまねき	23
22784	梅原英司	23
9196	中村繪里子	23
10450	盛啓介	23
17823	結城リカ	23
27716	Syamo	23
12969	十七条良房	23
1480	まじか(まじか姐、まじかっち)	23
625	影崎夕那(影崎由那、影山由多)	23
32014	西園純夏	23
3092	SENTIVE	23
13653	陸奥出流	23
17012	supercell	23
16193	ЯIRE	23
15077	ユリア(声優)	22
444	鋼丸(鋼丸R、鋼丸S、鋼丸SS)	22
13244	宮川なつき	22
11538	東地宏樹	22
14323	柊あかね	22
14849	小池こころ	22
13239	木ノ下やや(木下やや)	22
5803	宗川梗	22
24553	雪菜めぐり	22
16277	ボブ松沼	22
2507	近江達裕	22
14557	犬飼あお(夕凪音)	22
11717	小山剛志	22
16278	真狩千平	22
12468	美芹桜花	22
347	風上旬(KAZAKAMI-SHUN)	22
1437	古野将士(吉野将士)	22
22527	塚本リタ	22
13002	三つ葉	22
12497	つぐみ寮寮生会合唱団	22
27902	佐々木詩織	22
29186	ハサマ(玖保田桂吾、飯山満)	22
22455	冬壱もんめ	22
2552	井出今日子(KYOKO IDE)	22
20896	小西翼	22
2960	下地和彦	22
15461	海乃奏多	22
2964	KIRIKO/HIKO Sound	22
12990	青戸由羽	22
2465	上田夢人	22
433	チャック雅	22
16418	薔薇百合	22
8133	野川さくら	22
9222	鷹取玲	22
12802	藤井リルケ	22
21148	柚子乃	22
28282	MME(MORE MUSIC ENTERTAINMENT)	22
2300	中森南文里(一砂、守河辰巳)	22
71	志水直隆(志水なおたか)	22
2580	麻倉桜(クリスチーネ高円寺、ざくれろ)	22
16494	tohko	22
7577	竹田彬夫	22
6210	このえゆずこ	22
10268	加藤英美里	22
12149	黒川百合	22
6295	矢沢泉	22
19334	髭内悪太	22
5988	梨本悠里	21
1880	村中志帆(今井楓人、野村美月)	21
20422	近衛夜空	21
10848	水島大宙	21
1684	水瀬凛	21
4060	結城しん	21
16938	紫乃小文	21
15462	愛原ちづる	21
15422	あかつきかなた	21
1311	おしゃれ教室	21
8967	岡崎優	21
5745	かないみか	21
1406	しかとみよ	21
12658	Veil	21
20339	綾瀬理恵	21
11113	月代綾人	21
3087	亀井	21
17142	西乃ころね	21
15776	雲雀鈴愛	21
435	猫柳まんぼ(山田びんご)	21
10983	塚猿助	21
13250	かわせあゆむ	21
9474	後野祭	21
18950	陽月ひおり	21
1370	綾瀬悠	21
9680	小野涼子	21
5829	楠木真理	21
4121	ユメミルクスリ製作委員会	21
998	CHARM(鷲見努)	21
20596	近江谷宥	21
480	紫川弓夜(ゆかりがわ弓夜)	21
15711	柊暁生	21
19356	戯画	21
15677	とろとろ	21
28222	わいっしゅ(y.ish)	21
15312	長浜壱番	21
6161	広森なずな	21
25953	栖崎あんず	21
2565	妖精帝國	21
20996	PKタートルズ	21
7902	神野マサキ(まちゃ吉)	21
9519	片岡大二郎	21
16972	御導はるか	21
15765	さとうなずな	21
16015	野分嵐	21
1347	向井正哉	21
1652	てつじん	21
951	米倉けんご	21
17413	水夏える(L-Minatsu)	21
17407	脳みそホエホエ	21
20976	赤井リア(赤井いちご)	21
6428	榎本みなも	21
7648	岸尾だいすけ(岸尾大輔)	21