102	マブラヴ
104	マブラヴ
2381	マブラヴ
938	CLANNAD FULL VOICE
983	CLANNAD FULL VOICE
2198	CLANNAD FULL VOICE
1797	11eyes -罪と罰と贖いの少女-
1798	11eyes -罪と罰と贖いの少女-
9283	11eyes -罪と罰と贖いの少女-
1797	3days -満ちてゆく刻の彼方で-
1798	3days -満ちてゆく刻の彼方で-
2410	3days -満ちてゆく刻の彼方で-
14427	9-nine- ここのつここのかここのいろ
14427	9-nine- そらいろそらうたそらのおと
938	AIR
941	AIR
5500	AQUA
12624	AQUA
12934	AQUA
1104	AYAKASHI アヤカシ
2103	AYAKASHI アヤカシ
2155	AYAKASHI アヤカシ
2056	Aster
3289	Aster
1409	BALDR FORCE
1409	BALDR FORCE EXE
188	BALDR SKY Dive1 ”Lost Memory”
1409	BALDR SKY Dive1 ”Lost Memory”
188	BALDR SKY Dive2 ”RECORDARE”
1409	BALDR SKY Dive2 ”RECORDARE”
188	BALDR SKY DiveX ”DREAM WORLD”
395	BALDR SKY DiveX ”DREAM WORLD”
1409	BALDR SKY DiveX ”DREAM WORLD”
2081	BALDR SKY DiveX ”DREAM WORLD”
2255	BALDR SKY DiveX ”DREAM WORLD”
2484	BALDR SKY DiveX ”DREAM WORLD”
2629	BALDR SKY DiveX ”DREAM WORLD”
5460	BALDR SKY DiveX ”DREAM WORLD”
13426	BALDR SKY DiveX ”DREAM WORLD”
20837	BALDR SKY DiveX ”DREAM WORLD”
2352	Bullet Butlers
2203	CARNIVAL
2375	CARNIVAL
3496	CARNIVAL
3262	CHAOS;HEAD
938	CLANNAD
983	CLANNAD
2198	CLANNAD
892	CROSS†CHANNEL
567	Canvas ～セピア色のモチーフ～
1067	Canvas ～セピア色のモチーフ～
1068	Canvas ～セピア色のモチーフ～
567	Canvas2 ～茜色のパレット～
1949	Canvas2 ～茜色のパレット～
2197	Canvas2 ～茜色のパレット～
5081	ChuSinGura46+1 -忠臣蔵46+1-
5081	ChuSinGura46＋1 -忠臣蔵46＋1- 武士の鼓動(A samurai's beat)
1019	Clover Day's
2012	Clover Day's
2413	Clover Day's
4814	Clover Day's
1019	Clover Heart’s
1020	Clover Heart’s
1480	Clover Heart’s
2037	Clover Heart’s
5152	Clover Heart’s
5153	Clover Heart’s
5154	Clover Heart’s
1036	Clover Point
9284	Clover Point
166	D.C. ～ダ・カーポ～
167	D.C. ～ダ・カーポ～
459	D.C. ～ダ・カーポ～
1430	D.C. ～ダ・カーポ～
1129	D.C.II P.C. ～ダ・カーポII～ プラスコミュニケーション
1130	D.C.II P.C. ～ダ・カーポII～ プラスコミュニケーション
2150	D.C.II P.C. ～ダ・カーポII～ プラスコミュニケーション
4068	D.C.II P.C. ～ダ・カーポII～ プラスコミュニケーション
1129	D.C.II ～ダ・カーポII～
2150	D.C.II ～ダ・カーポII～
3465	D.C.II ～ダ・カーポII～
4068	D.C.II ～ダ・カーポII～
4069	D.C.II ～ダ・カーポII～
166	D.C.P.C. ～ダ・カーポ プラスコミュニケーション～
167	D.C.P.C. ～ダ・カーポ プラスコミュニケーション～
459	D.C.P.C. ～ダ・カーポ プラスコミュニケーション～
1302	D.C.P.C. ～ダ・カーポ プラスコミュニケーション～
1430	D.C.P.C. ～ダ・カーポ プラスコミュニケーション～
3045	D.C.P.C. ～ダ・カーポ プラスコミュニケーション～
3046	D.C.P.C. ～ダ・カーポ プラスコミュニケーション～
4620	D.C.P.C. ～ダ・カーポ プラスコミュニケーション～
20214	D.C.P.C. ～ダ・カーポ プラスコミュニケーション～
14292	DEARDROPS
1036	DRACU-RIOT!
3276	DRACU-RIOT!
3933	DRACU-RIOT!
188	DUEL SAVIOR
1338	DUEL SAVIOR
1409	DUEL SAVIOR
1693	DUEL SAVIOR
3294	DUEL SAVIOR
188	DUEL SAVIOR JUSTICE
1338	DUEL SAVIOR JUSTICE
1409	DUEL SAVIOR JUSTICE
1693	DUEL SAVIOR JUSTICE
3294	DUEL SAVIOR JUSTICE
1458	Dear My Friend
2092	Dear My Friend
2092	Dies irae ～Acta est Fabula～
138	EVE burst error
1614	EXTRAVAGANZA ～蟲愛でる少女～
2813	Ever17 -the out of infinity- Premium Edition
3482	Ever17 -the out of infinity- Premium Edition
3483	Ever17 -the out of infinity- Premium Edition
4674	Ever17 -the out of infinity- Premium Edition
3933	E×E
188	FOLKLORE JAM
1338	FOLKLORE JAM
1251	FORTUNE ARTERIAL
1965	FORTUNE ARTERIAL
1966	FORTUNE ARTERIAL
325	Fate/hollow ataraxia
466	Fate/hollow ataraxia
3829	Fate/hollow ataraxia
3830	Fate/hollow ataraxia
466	Fate/stay night
317	Flyable Heart
1899	Flyable Heart
3677	Flyable Heart
3864	Flyable Heart
7902	Flyable Heart
324	Forest
325	Forest
2112	Forest
958	GALZOOアイランド
968	GALZOOアイランド
166	Gift ～ギフト～
2599	G線上の魔王
708	H2O -FOOTPRINTS IN THE SAND-
4212	H2O -FOOTPRINTS IN THE SAND-
5126	H2O -FOOTPRINTS IN THE SAND-
1366	HoneyComing
1413	HoneyComing
2313	HoneyComing
2410	HoneyComing
2509	HoneyComing
4973	HoneyComing
5661	HoneyComing
9385	HoneyComing
4013	Hyper→Highspeed→Genius
15425	Hyper→Highspeed→Genius
15426	Hyper→Highspeed→Genius
12528	ISLAND
937	Kanon
938	Kanon
3093	LOVELY×CATION
3093	LOVELY×CATION2
2151	LOVESICK PUPPIES -僕らは恋するために生まれてきた-
2418	Like a Butler
1413	LikeLife -ライクライフ-
1731	LikeLife -ライクライフ-
1872	LikeLife -ライクライフ-
1873	LikeLife -ライクライフ-
1652	Magical Charming!
1734	Magical Charming!
16120	Magical Charming!
19766	Magical Charming!
2037	MagusTale ～世界樹と恋する魔法使い～
2255	MagusTale ～世界樹と恋する魔法使い～
622	Maple Colors
1104	Maple Colors
1905	Maple Colors
1373	Nursery Rhyme -ナーサリィ☆ライム-
1990	Nursery Rhyme -ナーサリィ☆ライム-
2037	Nursery Rhyme -ナーサリィ☆ライム-
3036	Nursery Rhyme -ナーサリィ☆ライム-
937	ONE ～輝く季節へ～
938	ONE ～輝く季節へ～
3829	PRIMAL×HEARTS
15740	PRIMAL×HEARTS
20596	PRIMAL×HEARTS
452	Phantom INTEGRATION
452	Phantom ～Phantom of inferno～
1108	Pia♥キャロットへようこそ!!3
328	Princess Frontier
1251	Princess Holiday ～転がるりんご亭千夜一夜～
5459	Princess Holiday ～転がるりんご亭千夜一夜～
1925	Quartett!
2194	Quartett!
2012	RIDDLE JOKER
3933	RIDDLE JOKER
5500	RIDDLE JOKER
967	Rance5D ひとりぼっちの女の子
958	RanceVI -ゼス崩壊-
24262	Re:LieF ～親愛なるあなたへ～
27600	Re:LieF ～親愛なるあなたへ～
27638	Re:LieF ～親愛なるあなたへ～
27639	Re:LieF ～親愛なるあなたへ～
317	Really? Really!
892	Rewrite
2576	Rewrite
4214	Rewrite
1728	Routes -ルーツ-
1729	Routes -ルーツ-
317	SHUFFLE!
2106	SHUFFLE!
2150	SNOW
2408	SNOW
7902	SNOW
3262	STEINS;GATE
14303	STEINS;GATE
2203	SWAN SONG
154	Scarlett ～スカーレット～
408	Scarlett ～スカーレット～
2299	Scarlett ～スカーレット～
2489	Scarlett ～スカーレット～
4723	Scarlett ～スカーレット～
399	School Days
4153	StarTRain
14664	Strawberry Nauts
2459	Sugar+Spice!
3830	Sugar+Spice!
4929	Sugar+Spice!
983	Summer Pockets
5242	Summer Pockets
29186	Summer Pockets
348	Tears to Tiara
949	Tears to Tiara
1729	Tears to Tiara
428	ToHeart
944	ToHeart
348	ToHeart2 XRATED
949	ToHeart2 XRATED
991	ToHeart2 XRATED
1729	ToHeart2 XRATED
2151	W.L.O.世界恋愛機構 未来のために、いま恋をしよう。
428	WHITE ALBUM
946	WHITE ALBUM
188	WHITE ALBUM2 ～closing chapter～
1338	WHITE ALBUM2 ～closing chapter～
188	WHITE ALBUM2 ～introductory chapter～
1338	WHITE ALBUM2 ～introductory chapter～
108	Wind -a breath of heart-
1347	Wind -a breath of heart-
1413	_summer
1577	_summer
1590	_summer
1873	_summer
2362	_summer
2363	_summer
2273	eden* They were only two, on the planet.
167	ef - the first tale.
2273	ef - the first tale.
167	ef - the latter tale.
2273	ef - the latter tale.
1614	euphoria
2358	euphoria
154	narcissu
154	narcissu -SIDE 2nd-
2198	planetarian ～ちいさなほしのゆめ～
473	sense off ～a sacred story in the wind～
578	sense off ～a sacred story in the wind～
4101	‘&’ -空の向こうで咲きますように-
5403	‘&’ -空の向こうで咲きますように-
1556	”Hello, world.”
2028	”Hello, world.”
1463	あえかなる世界の終わりに
2413	あえて無視するキミとの未来 ～Relay broadcast～
4013	あかね色に染まる坂
14427	あけいろ怪奇譚
1392	あしたの雪之丞
1548	あしたの雪之丞
2459	あの晴れわたる空より高く
20968	あの晴れわたる空より高く
1990	あまつみそらに!
2413	あまつみそらに!
3276	あまつみそらに!
2352	あやかしびと
1375	あると
1990	あると
2274	あると
3763	あると
1118	いつか、届く、あの空に。
11380	いろとりどりのセカイ
11380	いろとりどりのヒカリ
991	うたわれるもの
991	うたわれるもの DVD版
2012	お嬢様はご機嫌ナナメ
2155	お嬢様はご機嫌ナナメ
593	かみぱに!
1990	かみぱに!
2274	かみぱに!
5501	かみぱに!
1118	きっと、澄みわたる朝色よりも、
2067	こなたよりかなたまで
138	この世の果てで恋を唄う少女YU-NO
4153	この大空に、翼をひろげて
13862	この大空に、翼をひろげて
16532	この大空に、翼をひろげて
4153	この大空に、翼をひろげて FLIGHT DIARY
13078	この大空に、翼をひろげて FLIGHT DIARY
13862	この大空に、翼をひろげて FLIGHT DIARY
16532	この大空に、翼をひろげて FLIGHT DIARY
188	この青空に約束を―
1338	この青空に約束を―
949	こみっくパーティー
991	こみっくパーティー
998	こみっくパーティー
4860	こんな娘がいたら僕はもう…!!
2489	さかあがりハリケーン ～LET’S PILE UP OUR SCHOOL!～
12938	さかあがりハリケーン ～LET’S PILE UP OUR SCHOOL!～
2081	さくらさくら
2362	さくらさくら
2363	さくらさくら
1458	さくらシュトラッセ
58	さよならを教えて ～comment te dire adieu～
404	さよならを教えて ～comment te dire adieu～
1952	しまいま。
494	しゅぷれ～むキャンディ ～王道には王道たる理由があるんです!～
708	しゅぷれ～むキャンディ ～王道には王道たる理由があるんです!～
2478	しゅぷれ～むキャンディ ～王道には王道たる理由があるんです!～
4212	しゅぷれ～むキャンディ ～王道には王道たる理由があるんです!～
5183	しゅぷれ～むキャンディ ～王道には王道たる理由があるんです!～
7812	しゅぷれ～むキャンディ ～王道には王道たる理由があるんです!～
403	しろくまベルスターズ♪
1036	しろくまベルスターズ♪
13078	しろくまベルスターズ♪
2067	そして明日の世界より――
2599	その横顔を見つめてしまう ～A profile 完全版～
460	そらうた
593	そらうた
1333	そらうた
2193	そらうた
317	それは舞い散る桜のように
318	それは舞い散る桜のように
1887	つよきす
261	てとてトライオン!
620	てとてトライオン!
408	てのひらを、たいように
1688	てのひらを、たいように
300	とらいあんぐるハート3 ～Sweet Songs Forever～
3101	なつくもゆるる
14427	なないろリンカネーション
1899	ななついろ★ドロップス
3677	ななついろ★ドロップス
3864	ななついろ★ドロップス
1036	のーぶる☆わーくす
2274	のーぶる☆わーくす
3933	のーぶる☆わーくす
5242	はつゆきさくら
1257	はぴねす!
1420	はぴねす!
2841	はぴねす!
3419	はぴねす!
1257	はぴねす! りらっくす
1373	はぴねす! りらっくす
1420	はぴねす! りらっくす
2012	はぴねす! りらっくす
2274	はぴねす! りらっくす
167	はるのあしおと
2273	はるのあしおと
2274	はるのあしおと
3101	はるまで、くるる。
969	ぱすてるチャイムContinue
2576	ひぐらしのなく頃に
2576	ひぐらしのなく頃に解 目明し～祭囃し編
15371	ひこうき雲の向こう側
3395	ひとつ飛ばし恋愛
15168	ひとつ飛ばし恋愛
15634	ひとつ飛ばし恋愛
17733	ひとつ飛ばし恋愛
12528	ひまわり
3933	ぶらばん! ～The bonds of melody～
1516	へんし～ん!!! ～パンツになってクンクンペロペロ～
2151	へんし～ん!!! ～パンツになってクンクンペロペロ～
2599	ぼくの一人戦争
14804	まいてつ
343	ましろ色シンフォニー -Love is Pure White-
2012	ましろ色シンフォニー -Love is Pure White-
2274	ましろ色シンフォニー -Love is Pure White-
620	まじかる☆アンティーク
944	まじかる☆アンティーク
1419	まじかる☆アンティーク
188	ままらぶ
1338	ままらぶ
154	みずいろ
1371	みずいろ
1458	もしも明日が晴れならば
593	ゆきうた
1560	ゆきうた
403	ゆのはな
1036	ゆのはな
1952	よくばりサボテン
2362	よつのは
2363	よつのは
1570	らくえん ～あいかわらずなぼく。の場合～
2216	らくえん ～あいかわらずなぼく。の場合～
4101	るいは智を呼ぶ
5403	るいは智を呼ぶ
4101	るいは智を呼ぶファンディスク -明日のむこうに視える風-
5403	るいは智を呼ぶファンディスク -明日のむこうに視える風-
300	わんことくらそう
5235	わんことくらそう
2012	アストラエアの白き永遠
2109	アストラエアの白き永遠
3395	アッチむいて恋
12802	アッチむいて恋
955	アトラク＝ナクア
167	アマツツミ
1734	アメイジング・グレイス -What color is your attribute?-
19766	アメイジング・グレイス -What color is your attribute?-
967	アリス2010
969	アリス2010
1639	アリス2010
1548	アルテミスブルー
968	イブニクル
12466	イブニクル
17841	イブニクル
2411	ウィザーズクライマー
1373	ウィッチズガーデン
2012	ウィッチズガーデン
2352	エヴォリミット
1458	オトメ＊ドメイン
368	カタハネ
1036	カミカゼ☆エクスプローラー!
1688	カミカゼ☆エクスプローラー!
3276	カミカゼ☆エクスプローラー!
2194	カルタグラ ～ツキ狂イノ病～
1373	カルマルカ＊サークル
2413	カルマルカ＊サークル
2509	カルマルカ＊サークル
5500	カルマルカ＊サークル
12802	カルマルカ＊サークル
14261	カルマルカ＊サークル
21559	カルマルカ＊サークル
2724	キサラギGOLD★STAR
3276	キサラギGOLD★STAR
5242	キサラギGOLD★STAR
2012	キッキングホース★ラプソディ
343	キミのとなりで恋してる!
2203	キラ☆キラ
2067	キラークイーン
2352	クロノベルト ～あやかしびと&Bullet Butlers クロスオーバーディスク～
591	グリザイアの果実 -LE FRUIT DE LA GRISAIA-
1560	グリザイアの果実 -LE FRUIT DE LA GRISAIA-
2489	グリザイアの果実 -LE FRUIT DE LA GRISAIA-
2493	グリザイアの果実 -LE FRUIT DE LA GRISAIA-
4786	グリザイアの果実 -LE FRUIT DE LA GRISAIA-
591	グリザイアの楽園 -LE EDEN DE LA GRISAIA-
1560	グリザイアの楽園 -LE EDEN DE LA GRISAIA-
2493	グリザイアの楽園 -LE EDEN DE LA GRISAIA-
4786	グリザイアの楽園 -LE EDEN DE LA GRISAIA-
591	グリザイアの迷宮 -LE LABYRINTHE DE LA GRISAIA-
1560	グリザイアの迷宮 -LE LABYRINTHE DE LA GRISAIA-
2489	グリザイアの迷宮 -LE LABYRINTHE DE LA GRISAIA-
2493	グリザイアの迷宮 -LE LABYRINTHE DE LA GRISAIA-
4786	グリザイアの迷宮 -LE LABYRINTHE DE LA GRISAIA-
2411	グリンスヴァールの森の中 ～成長する学園～
591	グリーングリーン
593	グリーングリーン
4101	コミュ -黒い竜と優しい王国-
5403	コミュ -黒い竜と優しい王国-
5282	コンチェルトノート
660	ゴア・スクリーミング・ショウ
2012	サキガケ⇒ジェネレーション!
3276	サキガケ⇒ジェネレーション!
3830	サキガケ⇒ジェネレーション!
708	サクラノ詩 -櫻の森の上を舞う-
2358	サクラノ詩 -櫻の森の上を舞う-
154	サナララ ～SA・NA・RA・RA～
2299	サナララ ～SA・NA・RA・RA～
2300	サナララ ～SA・NA・RA・RA～
2489	サナララ ～SA・NA・RA・RA～
2012	サノバウィッチ
2155	サノバウィッチ
3933	サノバウィッチ
188	ショコラ ～maid cafe “curio”～
1338	ショコラ ～maid cafe “curio”～
188	ショコラ ～maid cafe ”curio”～ Re-order
1338	ショコラ ～maid cafe ”curio”～ Re-order
3481	シンフォニック=レイン
3481	シンフォニック=レイン 愛蔵版
188	シークレットゲーム -KILLER QUEEN-DEPTH EDITION-
1977	シークレットゲーム -KILLER QUEEN-DEPTH EDITION-
2067	シークレットゲーム -KILLER QUEEN-DEPTH EDITION-
1688	スズノネセブン!
1990	スズノネセブン!
2724	スズノネセブン!
3276	スズノネセブン!
5038	スマガ -STAR MINE GIRL-
15182	ソーサリージョーカーズ
15183	ソーサリージョーカーズ
2445	タペストリー -you will meet yourself-
10511	タユタマ -kiss on my deity-
403	ティンクル☆くるせいだーす
1159	ティンクル☆くるせいだーす
1734	ティンクル☆くるせいだーす
1560	ドラクリウス
4257	ドラクリウス
408	ナツメグ
2299	ナツメグ
2489	ナツメグ
3101	ナツメグ
4723	ナツメグ
5304	ナツメグ
2035	ナツユメナギサ
2724	ナツユメナギサ
3276	ナツユメナギサ
5242	ナツユメナギサ
12802	ナツユメナギサ
13227	ナツユメナギサ
15003	ノラと皇女と野良猫ハート
15003	ノラと皇女と野良猫ハート2
3830	ハピメア
3830	ハピメア -Fragmentation Dream-
4101	ハロー・レディ!
5403	ハロー・レディ!
1734	パティシエなにゃんこ
1735	パティシエなにゃんこ
1736	パティシエなにゃんこ
188	パルフェ ～chocolat second brew Re-order～
1338	パルフェ ～chocolat second brew Re-order～
188	パルフェ ～ショコラ second brew～
1338	パルフェ ～ショコラ second brew～
14059	ピュア×コネクト
188	フォセット －Cafe au Le Ciel Bleu－
1338	フォセット －Cafe au Le Ciel Bleu－
2054	フォセット －Cafe au Le Ciel Bleu－
2193	フォセット －Cafe au Le Ciel Bleu－
2251	フォセット －Cafe au Le Ciel Bleu－
2489	フォセット －Cafe au Le Ciel Bleu－
2651	フォセット －Cafe au Le Ciel Bleu－
3101	フォセット －Cafe au Le Ciel Bleu－
4101	フォセット －Cafe au Le Ciel Bleu－
4153	フォセット －Cafe au Le Ciel Bleu－
5279	フォセット －Cafe au Le Ciel Bleu－
3490	フレラバ ～Friend to Lover～
14059	フレラバ ～Friend to Lover～
17940	フレラバ ～Friend to Lover～
17941	フレラバ ～Friend to Lover～
1036	プリズム◇リコレクション!
1990	プリズム◇リコレクション!
3276	プリズム◇リコレクション!
1310	プリマ☆ステラ
2081	プリマ☆ステラ
2410	プリマ☆ステラ
2484	プリマ☆ステラ
2507	プリマ☆ステラ
13281	プリマ☆ステラ
1734	プリンセスうぃっちぃず
1734	プリンセスうぃっちぃず EXCELLENT
2255	プリンセスラバー!
102	マブラヴ ALTERED FABLE
2381	マブラヴ ALTERED FABLE
102	マブラヴ オルタネイティヴ
104	マブラヴ オルタネイティヴ
2381	マブラヴ オルタネイティヴ
102	マブラヴ サプリメント
104	マブラヴ サプリメント
2381	マブラヴ サプリメント
708	モエかん
1480	モエかん
1699	モエかん
5227	モエかん
2350	ユメミルクスリ
2497	ユメミルクスリ
4121	ユメミルクスリ
5379	ユメミルクスリ
9275	ヨスガノソラ
13139	ヨスガノソラ
14059	ラブラブル ～lover able～
14664	ラブラブル ～lover able～
154	ラムネ
408	ラムネ
2299	ラムネ
2300	ラムネ
13328	ランス01 光をもとめて
17739	ランス01 光をもとめて
17739	ランス03 リーザス陥落
17841	ランス03 リーザス陥落
17739	ランス10
17841	ランス10
966	ランスIX -ヘルマン革命-
955	ランス・クエスト
968	ランス・クエスト
12466	ランス・クエスト
17841	ランス・クエスト
955	ランス・クエスト マグナム
968	ランス・クエスト マグナム
12466	ランス・クエスト マグナム
17841	ランス・クエスト マグナム
343	リアル妹がいる大泉くんのばあい
938	リトルバスターズ!
3064	リトルバスターズ!
4214	リトルバスターズ!
4215	リトルバスターズ!
938	リトルバスターズ!エクスタシー
3064	リトルバスターズ!エクスタシー
4214	リトルバスターズ!エクスタシー
4215	リトルバスターズ!エクスタシー
4860	レミニセンス
4860	レミニセンス Re:Collect
343	ワルキューレロマンツェ ～少女騎士物語～
1669	ワルキューレロマンツェ ～少女騎士物語～
1929	ワルキューレロマンツェ ～少女騎士物語～
2274	ワルキューレロマンツェ ～少女騎士物語～
5501	ワルキューレロマンツェ ～少女騎士物語～
13227	ワルキューレロマンツェ ～少女騎士物語～
15168	ワルキューレロマンツェ ～少女騎士物語～
936	下級生(Win95)
188	世界でいちばんNG(ダメ)な恋
1338	世界でいちばんNG(ダメ)な恋
1019	中の人などいない! トーキョー・ヒーロー・プロジェクト
4814	中の人などいない! トーキョー・ヒーロー・プロジェクト
5001	中の人などいない! トーキョー・ヒーロー・プロジェクト
318	乙女理論とその周辺 -Ecole de Paris-
5285	乙女理論とその周辺 -Ecole de Paris-
14475	乙女理論とその周辺 -Ecole de Paris-
17199	乙女理論とその周辺 -Ecole de Paris-
166	何処へ行くの、あの日
318	俺たちに翼はない
318	俺たちに翼はない AfterStory
14475	俺たちに翼はない AfterStory
318	俺たちに翼はない Prelude
1181	処女はお姉さまに恋してる
1181	処女はお姉さまに恋してる DVDフルボイスパッケージ
1181	処女はお姉さまに恋してる ～2人のエルダー～
1929	処女はお姉さまに恋してる ～2人のエルダー～
3929	処女はお姉さまに恋してる ～2人のエルダー～
10804	処女はお姉さまに恋してる ～2人のエルダー～
13227	処女はお姉さまに恋してる ～2人のエルダー～
14518	処女はお姉さまに恋してる ～2人のエルダー～
14938	処女はお姉さまに恋してる ～2人のエルダー～
893	創刻のアテリアル
15511	創刻のアテリアル
17836	創刻のアテリアル
17837	創刻のアテリアル
17846	創刻のアテリアル
892	加奈 ～いもうと～
1548	勝 あしたの雪之丞2
1251	千の刃濤、桃花染の皇姫
1965	千の刃濤、桃花染の皇姫
1966	千の刃濤、桃花染の皇姫
2155	千恋＊万花
2413	千恋＊万花
3933	千恋＊万花
10139	古色迷宮輪舞曲 ～HISTOIRE DE DESTIN～
14704	古色迷宮輪舞曲 ～HISTOIRE DE DESTIN～
708	向日葵の教会と長い夏休み
1036	向日葵の教会と長い夏休み
4212	向日葵の教会と長い夏休み
13862	向日葵の教会と長い夏休み
18386	向日葵の教会と長い夏休み
1887	君が主で執事が俺で -They are My noble Masters-
102	君が望む永遠
103	君が望む永遠
104	君が望む永遠
2381	君が望む永遠
102	君が望む永遠 DVD specification
103	君が望む永遠 DVD specification
104	君が望む永遠 DVD specification
2381	君が望む永遠 DVD specification
102	君が望む永遠 ～Latest Edition～
103	君が望む永遠 ～Latest Edition～
104	君が望む永遠 ～Latest Edition～
2381	君が望む永遠 ～Latest Edition～
102	君が望む永遠 ～special FanDisk～
103	君が望む永遠 ～special FanDisk～
2381	君が望む永遠 ～special FanDisk～
5038	君と彼女と彼女の恋。
1899	君の名残は静かに揺れて
3864	君の名残は静かに揺れて
452	吸血殲鬼ヴェドゴニア
14317	塵骸魔京
15366	塵骸魔京
13862	夏ノ雨
14196	夏ノ雨
167	夏空のペルセウス
2273	夏空のペルセウス
3634	夏空のペルセウス
2410	夏空カナタ
3933	夏空カナタ
969	夜が来る! -Square of the MOON-
4071	夜が来る! -Square of the MOON-
1251	夜明け前より瑠璃色な
1965	夜明け前より瑠璃色な
1966	夜明け前より瑠璃色な
1251	夜明け前より瑠璃色な -Moonlight Cradle-
1965	夜明け前より瑠璃色な -Moonlight Cradle-
1966	夜明け前より瑠璃色な -Moonlight Cradle-
1251	大図書館の羊飼い -Dreaming Sheep-
1965	大図書館の羊飼い -Dreaming Sheep-
1966	大図書館の羊飼い -Dreaming Sheep-
1251	大図書館の羊飼い a good librarian like a good shepherd
1965	大図書館の羊飼い a good librarian like a good shepherd
1966	大図書館の羊飼い a good librarian like a good shepherd
955	大帝国
958	大帝国
968	大帝国
969	大帝国
10511	大帝国
12692	大帝国
17841	大帝国
958	大悪司
10511	大悪司
968	大番長 Big Bang Age
969	大番長 Big Bang Age
1952	大番長 Big Bang Age
949	天使のいない12月
1118	天使の羽根を踏まないでっ
2274	天神乱漫 LUCKY or UNLUCKY!?
3933	天神乱漫 LUCKY or UNLUCKY!?
1036	天色＊アイルノーツ
2273	天色＊アイルノーツ
3933	天色＊アイルノーツ
13862	天色＊アイルノーツ
2137	失われた未来を求めて
4013	失われた未来を求めて
13864	失われた未来を求めて
1592	妹汁
1639	妹汁
1887	姉、ちゃんとしようよっ!
1887	姉、ちゃんとしようよっ!2
1310	姉汁 ～白川三姉妹におまかせ～
1639	姉汁 ～白川三姉妹におまかせ～
2081	姉汁 ～白川三姉妹におまかせ～
2507	姉汁 ～白川三姉妹におまかせ～
893	姫狩りダンジョンマイスター
1762	姫狩りダンジョンマイスター
5360	媚肉の香り ～ネトリネトラレヤリヤラレ～
1639	家庭教師のおねえさん ～Hの偏差値あげちゃいます～
2071	家庭教師のおねえさん ～Hの偏差値あげちゃいます～
2081	家庭教師のおねえさん ～Hの偏差値あげちゃいます～
2507	家庭教師のおねえさん ～Hの偏差値あげちゃいます～
3894	家庭教師のおねえさん ～Hの偏差値あげちゃいます～
892	家族計画
892	家族計画 ～そしてまた家族計画を～
892	家族計画 ～絆箱～(家族計画 ～追憶～)
2411	巣作りドラゴン
622	巨乳ファンタジー
15182	幻創のイデア ～Oratorio Phantasm Historia～
15183	幻創のイデア ～Oratorio Phantasm Historia～
2080	幻燐の姫将軍2 ～導かれし魂の系譜～
1310	幼なじみと甘～くエッチに過ごす方法
1639	幼なじみと甘～くエッチに過ごす方法
2081	幼なじみと甘～くエッチに過ごす方法
2151	幼なじみと甘～くエッチに過ごす方法
2507	幼なじみと甘～くエッチに過ごす方法
1614	彼女×彼女×彼女 ～三姉妹とのドキドキ共同生活～
12606	彼女×彼女×彼女 ～三姉妹とのドキドキ共同生活～
1974	彼女たちの流儀
2367	彼女たちの流儀
3972	彼女たちの流儀
2109	彼女のセイイキ
5242	恋×シンアイ彼女
16404	恋×シンアイ彼女
23814	恋×シンアイ彼女
23815	恋×シンアイ彼女
16961	恋がさくころ桜どき
2418	恋する乙女と守護の楯
14337	恋と選挙とチョコレート
17749	恋と選挙とチョコレート
289	恋姫†無双 ～ドキッ☆乙女だらけの三国志演義～
1618	恋姫†無双 ～ドキッ☆乙女だらけの三国志演義～
1929	恋姫†無双 ～ドキッ☆乙女だらけの三国志演義～
2255	恋姫†無双 ～ドキッ☆乙女だらけの三国志演義～
20458	恋姫†無双 ～ドキッ☆乙女だらけの三国志演義～
3395	恋愛0キロメートル
15634	恋愛0キロメートル
15712	恋愛0キロメートル
1816	恋色空模様
1816	恋色空模様 after happiness and extra hearts
20353	恋色空模様 after happiness and extra hearts
188	恋騎士Purely☆Kiss
2059	恋騎士Purely☆Kiss
958	戦国ランス
967	戦国ランス
1576	戦女神2 ～失われし記憶への鎮魂歌～
1577	戦女神2 ～失われし記憶への鎮魂歌～
893	戦女神VERITA
1762	戦女神VERITA
11547	戦女神VERITA
13540	戦女神VERITA
2080	戦女神ZERO
11547	戦女神ZERO
32544	抜きゲーみたいな島に住んでる貧乳はどうすりゃいいですか?
32545	抜きゲーみたいな島に住んでる貧乳はどうすりゃいいですか?
1791	斬魔大聖デモンベイン
2273	明日の七海と逢うために
2273	明日の君と逢うために
2274	明日の君と逢うために
2109	星空のメモリア -Wish upon a shooting star-
2109	星空のメモリア Eternal Heart
2056	星空へ架かる橋
3379	星空へ架かる橋
494	星織ユメミライ
983	星織ユメミライ
1627	星織ユメミライ
13306	星織ユメミライ
16080	星織ユメミライ
17882	星織ユメミライ
2413	春季限定ポコ・ア・ポコ!
1899	時計仕掛けのレイライン -朝霧に散る花-
3677	時計仕掛けのレイライン -朝霧に散る花-
3864	時計仕掛けのレイライン -朝霧に散る花-
3889	時計仕掛けのレイライン -朝霧に散る花-
1899	時計仕掛けのレイライン -残影の夜が明ける時-
3677	時計仕掛けのレイライン -残影の夜が明ける時-
3864	時計仕掛けのレイライン -残影の夜が明ける時-
3889	時計仕掛けのレイライン -残影の夜が明ける時-
3894	時計仕掛けのレイライン -残影の夜が明ける時-
1899	時計仕掛けのレイライン -黄昏時の境界線-
3677	時計仕掛けのレイライン -黄昏時の境界線-
3864	時計仕掛けのレイライン -黄昏時の境界線-
3889	時計仕掛けのレイライン -黄昏時の境界線-
9547	時計仕掛けのレイライン -黄昏時の境界線-
20968	景の海のアペイリア
938	智代アフター ～It’s a Wonderful Life～
3064	智代アフター ～It’s a Wonderful Life～
4860	暁の護衛
4860	暁の護衛 ～プリンシパルたちの休日～
4860	暁の護衛 ～罪深き終末論～
892	最果てのイマ
892	最果てのイマ フルボイス版
1235	最終痴漢電車3
1310	最終痴漢電車3
1592	最終痴漢電車3
2036	最終痴漢電車3
5350	最終痴漢電車3
12963	最終痴漢電車3
13290	最終痴漢電車3
318	月に寄りそう乙女の作法
5285	月に寄りそう乙女の作法
14475	月に寄りそう乙女の作法
17199	月に寄りそう乙女の作法
14475	月に寄りそう乙女の作法2
1251	月は東に日は西に ～Operation Sanctuary～
1965	月は東に日は西に ～Operation Sanctuary～
1966	月は東に日は西に ～Operation Sanctuary～
5038	月光のカルネヴァーレ
466	月姫
466	月箱
1019	月陽炎
1020	月陽炎
2273	未来ノスタルジア
15405	未来ノスタルジア
154	朱 -Aka-
1373	朱 -Aka-
1375	朱 -Aka-
770	果てしなく青い、この空の下で…。
466	歌月十夜
2067	歌月十夜
343	死神の接吻は別離の味
5463	殻ノ少女
166	水夏 ～SUIKA～
167	水夏 ～SUIKA～
1067	水月 -すいげつ-
2376	永遠のアセリア -The Spirit of Eternity Sword-
452	沙耶の唄
1310	瀬里奈
1639	瀬里奈
2081	瀬里奈
2334	燐月 -リンゲツ-
4217	燐月 -リンゲツ-
473	猫撫ディストーション
651	猫撫ディストーション
2411	王賊
428	痕 -きずあと-
944	痕 -きずあと-
944	痕 -きずあと- リニューアル
944	痕 -きずあと- リメイク版
14079	痕 -きずあと- リメイク版
289	真・恋姫†無双 ～乙女繚乱☆三国志演義～
1618	真・恋姫†無双 ～乙女繚乱☆三国志演義～
1929	真・恋姫†無双 ～乙女繚乱☆三国志演義～
2255	真・恋姫†無双 ～乙女繚乱☆三国志演義～
2295	真・恋姫†無双 ～乙女繚乱☆三国志演義～
5041	真・恋姫†無双 ～乙女繚乱☆三国志演義～
20458	真・恋姫†無双 ～乙女繚乱☆三国志演義～
1887	真剣で私に恋しなさい!
1887	真剣で私に恋しなさい! S
1420	祝福のカンパネラ -la campanella della benedizione-
2035	祝福のカンパネラ -la campanella della benedizione-
4013	祝福のカンパネラ -la campanella della benedizione-
13886	祝福のカンパネラ -la campanella della benedizione-
15098	祝福のカンパネラ -la campanella della benedizione-
893	神採りアルケミーマイスター
1762	神採りアルケミーマイスター
15511	神採りアルケミーマイスター
892	神樹の館
2112	神樹の館
2497	神樹の館
591	私立アキハバラ学園
593	私立アキハバラ学園
190	秋桜の空に
518	秋色恋華
899	秋色恋華
1990	秋色恋華
2274	秋色恋華
899	秋色謳華
1251	穢翼のユースティア
1965	穢翼のユースティア
1966	穢翼のユースティア
16759	紙の上の魔法使い
708	素晴らしき日々 ～不連続存在～
2478	素晴らしき日々 ～不連続存在～
4212	素晴らしき日々 ～不連続存在～
5183	素晴らしき日々 ～不連続存在～
154	終わる世界とバースデイ
2299	終わる世界とバースデイ
4141	終わる世界とバースデイ
16972	終わる世界とバースデイ
17257	終わる世界とバースデイ
708	終ノ空
1100	終ノ空
1181	終末少女幻想アリスマチック
452	続・殺戮のジャンゴ ─地獄の賞金首─
16242	美少女万華鏡 -呪われし伝説の少女-
16242	美少女万華鏡 -忘れな草と永遠の少女-
16242	美少女万華鏡 -神が造りたもうた少女たち-
1249	群青の空を越えて
14261	翠の海 -midori no umi-
188	聖なるかな -The Spirit of Eternity Sword 2-
2376	聖なるかな -The Spirit of Eternity Sword 2-
3549	聖なるかな -The Spirit of Eternity Sword 2-
324	腐り姫 ～euthanasia～
325	腐り姫 ～euthanasia～
326	腐り姫 ～euthanasia～
471	腐り姫 ～euthanasia～
14119	腐り姫 ～euthanasia～
2103	花と乙女に祝福を
2155	花と乙女に祝福を
5500	花咲ワークスプリング!
13306	花咲ワークスプリング!
14261	花咲ワークスプリング!
21846	花咲ワークスプリング!
2489	蒼の彼方のフォーリズム
3101	蒼の彼方のフォーリズム
12938	蒼の彼方のフォーリズム
5463	虚ノ少女
102	螺旋回廊
3547	装甲悪鬼村正
1373	見上げてごらん、夜空の星を
13862	見上げてごらん、夜空の星を
1820	赫炎のインガノック ～What a beautiful people～
969	超昂天使エスカレイヤー -Beat Angel Escalayer-
450	超昂閃忍ハルカ
969	超昂閃忍ハルカ
1639	超昂閃忍ハルカ
20876	超昂閃忍ハルカ
2599	車輪の国、向日葵の少女
2599	車輪の国、悠久の少年少女
188	輝光翼戦記 天空のユミナ
1693	輝光翼戦記 天空のユミナ
1977	輝光翼戦記 天空のユミナ
2376	輝光翼戦記 天空のユミナ
3549	輝光翼戦記 天空のユミナ
15371	辻堂さんの純愛ロード
2691	遊撃警艦パトベセル ～こちら首都圏上空青空署～
403	遥かに仰ぎ、麗しの
2067	遥かに仰ぎ、麗しの
13306	金色ラブリッチェ
15371	金色ラブリッチェ
154	銀色 完全版
1372	銀色 完全版
1373	銀色 完全版
1374	銀色 完全版
1375	銀色 完全版
348	鎖 -クサリ-
958	闘神都市II
961	闘神都市II
967	闘神都市II
968	闘神都市II
955	闘神都市III
968	闘神都市III
944	雫
4013	青空の見える丘
728	顔のない月
1257	顔のない月
3672	顔のない月
1019	鬼ごっこ!
2037	鬼ごっこ!
4814	鬼ごっこ!
452	鬼哭街 The Cyber Slayer
955	鬼畜王ランス
958	鬼畜王ランス
961	鬼畜王ランス
1808	魔女こいにっき
5242	魔女こいにっき
12802	魔女こいにっき
16404	魔女こいにっき
20493	魔女こいにっき
893	魔導巧殻 ～闇の月女神は導国で詠う～
1762	魔導巧殻 ～闇の月女神は導国で詠う～
12963	魔導巧殻 ～闇の月女神は導国で詠う～
17836	魔導巧殻 ～闇の月女神は導国で詠う～
17837	魔導巧殻 ～闇の月女神は導国で詠う～
17846	魔導巧殻 ～闇の月女神は導国で詠う～
17862	魔導巧殻 ～闇の月女神は導国で詠う～
466	魔法使いの夜 -WITCH ON THE HOLY NIGHT-
5282	黄昏のシンセミア